id;first_name;last_name;avatar_url;bio;phone
1;"Ect";"Irme";"http:i7";peu déjeuner;"27647"
2;"Bnk";"Bjmwgg";"http:JEZ(0_";tsoin-tsoin d’autant que agir;"+81399"
3;"Gu";"Poektc";"https:Og7";dynamique;"636173"
4;"Fdxnx";"Flv";"http:^";enlever électorat fonctionnaire;"113"
5;"Rqa";"Uhvsaai";"https:=J,UJW";sauvage émérite sans doute;"+3"
6;"Xq";"Tsiufl";"https:m/.";arrière;"+68843"
7;"Xvqd";"Pxnp";"https:x_";perplexe blablabla;"434"
8;"Wgbedlg";"Rg";"https:K)Pq9";à la faveur de sortir camarade;"77410"
9;"Ocke";"Lwie";"http:|";vu que efficace;"+6"
10;"Kxw";"Ofcwb";"http:Qk_p,O";auprès de;"+71"
